{
    "PCO2_Comp": {
        "66666.000000" : 0,
        "99999.000000" : 1
    },
    "PCO2_Corr_Flush": {
        "66666.000000" : 0,
        "99999.000000" : 1
    },
    "PCO2_Corr_Zero": {
        "66666.000000" : 0,
        "99999.000000" : 1
    }
}